-- MySQL Script generated by MySQL Workbench
-- Tue Feb 19 17:54:55 2019
-- Model: New Model    Version: 1.0
-- MySQL Workbench Forward Engineering

SET @OLD_UNIQUE_CHECKS=@@UNIQUE_CHECKS, UNIQUE_CHECKS=0;
SET @OLD_FOREIGN_KEY_CHECKS=@@FOREIGN_KEY_CHECKS, FOREIGN_KEY_CHECKS=0;
SET @OLD_SQL_MODE=@@SQL_MODE, SQL_MODE='ONLY_FULL_GROUP_BY,STRICT_TRANS_TABLES,NO_ZERO_IN_DATE,NO_ZERO_DATE,ERROR_FOR_DIVISION_BY_ZERO,NO_ENGINE_SUBSTITUTION';

-- -----------------------------------------------------
-- Schema mydb
-- -----------------------------------------------------
DROP SCHEMA IF EXISTS `mydb` ;

-- -----------------------------------------------------
-- Schema mydb
-- -----------------------------------------------------
CREATE SCHEMA IF NOT EXISTS `mydb` DEFAULT CHARACTER SET utf8 ;
USE `mydb` ;

-- -----------------------------------------------------
-- Table `mydb`.`user`
-- -----------------------------------------------------
DROP TABLE IF EXISTS `mydb`.`user` ;

CREATE TABLE IF NOT EXISTS `mydb`.`user` (
  `iduser` INT UNSIGNED NOT NULL AUTO_INCREMENT,
  `username` VARCHAR(45) NOT NULL,
  `password` VARCHAR(45) NOT NULL,
  PRIMARY KEY (`iduser`))
ENGINE = InnoDB;


-- -----------------------------------------------------
-- Table `mydb`.`mushroomPos`
-- -----------------------------------------------------
DROP TABLE IF EXISTS `mydb`.`mushroomPos` ;

CREATE TABLE IF NOT EXISTS `mydb`.`mushroomPos` (
  `id` INT NOT NULL AUTO_INCREMENT,
  `longitude` DOUBLE NOT NULL,
  `latitude` DOUBLE NOT NULL,
  `userid` INT UNSIGNED NOT NULL,
  `type` VARCHAR(45) NOT NULL,
  PRIMARY KEY (`id`),
  INDEX `userid_idx` (`userid` ASC) VISIBLE,
  UNIQUE INDEX `id_UNIQUE` (`id` ASC) VISIBLE,
  CONSTRAINT `userid`
    FOREIGN KEY (`userid`)
    REFERENCES `mydb`.`user` (`iduser`)
    ON DELETE NO ACTION
    ON UPDATE NO ACTION)
ENGINE = InnoDB;


-- -----------------------------------------------------
-- Table `mydb`.`shared`
-- -----------------------------------------------------
DROP TABLE IF EXISTS `mydb`.`shared` ;

CREATE TABLE IF NOT EXISTS `mydb`.`shared` (
  `sharer` INT UNSIGNED NOT NULL,
  `receiver` INT UNSIGNED NOT NULL,
  `position` INT UNSIGNED NOT NULL,
  `degradation` INT UNSIGNED NOT NULL,
  INDEX `index` USING BTREE () VISIBLE,
  PRIMARY KEY (`sharer`, `receiver`, `position`))
ENGINE = InnoDB;


SET SQL_MODE=@OLD_SQL_MODE;
SET FOREIGN_KEY_CHECKS=@OLD_FOREIGN_KEY_CHECKS;
SET UNIQUE_CHECKS=@OLD_UNIQUE_CHECKS;

-- -----------------------------------------------------
-- Data for table `mydb`.`user`
-- -----------------------------------------------------
START TRANSACTION;
USE `mydb`;
INSERT INTO `mydb`.`user` (`iduser`, `username`, `password`) VALUES (1, 'user', 'user');
INSERT INTO `mydb`.`user` (`iduser`, `username`, `password`) VALUES (2, 'Ken', '1234');
INSERT INTO `mydb`.`user` (`iduser`, `username`, `password`) VALUES (3, 'Aghiles', '1234');
INSERT INTO `mydb`.`user` (`iduser`, `username`, `password`) VALUES (4, 'Pierre', '1234');

COMMIT;


-- -----------------------------------------------------
-- Data for table `mydb`.`mushroomPos`
-- -----------------------------------------------------
START TRANSACTION;
USE `mydb`;
INSERT INTO `mydb`.`mushroomPos` (`id`, `longitude`, `latitude`, `userid`, `type`) VALUES (1, 43.71751987, 6.8094635, 2, 'Bolet');
INSERT INTO `mydb`.`mushroomPos` (`id`, `longitude`, `latitude`, `userid`, `type`) VALUES (2, 43.79092385, 6.99485779, 2, 'Cepe');
INSERT INTO `mydb`.`mushroomPos` (`id`, `longitude`, `latitude`, `userid`, `type`) VALUES (3, 43.81353446, 6.97919369, 2, 'Bolet');
INSERT INTO `mydb`.`mushroomPos` (`id`, `longitude`, `latitude`, `userid`, `type`) VALUES (4, 43.81842714, 7.00065136, 2, 'Morille');
INSERT INTO `mydb`.`mushroomPos` (`id`, `longitude`, `latitude`, `userid`, `type`) VALUES (5, 43.80529652, 6.98477268, 2, 'Cepe');
INSERT INTO `mydb`.`mushroomPos` (`id`, `longitude`, `latitude`, `userid`, `type`) VALUES (6, 43.81130475, 6.97292805, 3, 'Bolet');
INSERT INTO `mydb`.`mushroomPos` (`id`, `longitude`, `latitude`, `userid`, `type`) VALUES (7, 43.8078981, 6.958251, 3, 'Morille');
INSERT INTO `mydb`.`mushroomPos` (`id`, `longitude`, `latitude`, `userid`, `type`) VALUES (8, 43.83254552, 6.98769093, 3, 'Cepe');
INSERT INTO `mydb`.`mushroomPos` (`id`, `longitude`, `latitude`, `userid`, `type`) VALUES (9, 43.67954265, 7.06448793, 2, 'Cepe');
INSERT INTO `mydb`.`mushroomPos` (`id`, `longitude`, `latitude`, `userid`, `type`) VALUES (10, 43.67969783, 7.06011057, 2, 'Morille');
INSERT INTO `mydb`.`mushroomPos` (`id`, `longitude`, `latitude`, `userid`, `type`) VALUES (11, 43.68106344, 7.06491709, 4, 'Bolet');
INSERT INTO `mydb`.`mushroomPos` (`id`, `longitude`, `latitude`, `userid`, `type`) VALUES (12, 43.67929435, 7.06161261, 4, 'Morille');

COMMIT;


-- -----------------------------------------------------
-- Data for table `mydb`.`shared`
-- -----------------------------------------------------
START TRANSACTION;
USE `mydb`;
INSERT INTO `mydb`.`shared` (`sharer`, `receiver`, `position`, `degradation`) VALUES (2, 3, 1, 1);
INSERT INTO `mydb`.`shared` (`sharer`, `receiver`, `position`, `degradation`) VALUES (2, 3, 2, 1);
INSERT INTO `mydb`.`shared` (`sharer`, `receiver`, `position`, `degradation`) VALUES (2, 3, 3, 2);
INSERT INTO `mydb`.`shared` (`sharer`, `receiver`, `position`, `degradation`) VALUES (2, 3, 4, 4);
INSERT INTO `mydb`.`shared` (`sharer`, `receiver`, `position`, `degradation`) VALUES (2, 3, 5, 1);
INSERT INTO `mydb`.`shared` (`sharer`, `receiver`, `position`, `degradation`) VALUES (4, 2, 10, 2);
INSERT INTO `mydb`.`shared` (`sharer`, `receiver`, `position`, `degradation`) VALUES (4, 2, 11, 2);

COMMIT;

